推,噓,作者,標題,時間
28,0,ginlom (前世無情人，今生無女兒),[公告] 尋求群組集中文,Wed Oct  6 14:08:21 2021
24,0,ClannadAS (Clannad After Story),[命名] 男牛寶取名請益,Mon Nov 22 23:32:35 2021
9,0,hueepf (tell me超愛買lulus XD),[命名]  男牛寶取名請益 （江）,Tue Nov 23 11:45:23 2021
9,0,seriously (艾瑪),[問題] 韓國leni elenire 推車,Tue Nov 23 00:23:42 2021
10,0,suction (suctionunit),[好康] 引導孩子用台語的免費講座,Mon Nov 22 20:15:30 2021
5,0,sunnie80314 (潔妮),[寶寶] 10M副食品問題,Mon Nov 22 23:28:18 2021
22,0,Water628 (水水),[寶寶] 1y1m作息請益晚睡晚起,Tue Nov 23 00:06:07 2021
22,0,vivianptt (捏捏),[寶寶] 2歲寶寶不吃青菜與外出用餐問題,Tue Nov 23 16:15:10 2021
108,0,flowerrabbit (花花兔**),[寶寶] 360度汽座真的那麽好用嗎,Tue Nov 23 12:08:08 2021
5,0,tongnr9454 (笨利跑步),[寶寶] 一歲換奶的奶粉挑選(啟賦、佑爾康金貝親),Tue Nov 23 13:45:36 2021
2,0,momoko809 (桃兒),[寶寶] 即將滿6M的作息調整請益(奶量+副食品),Tue Nov 23 10:32:34 2021
28,0,nigfi (nigfi),[寶寶] 在宅保母的選擇,Mon Nov 22 22:33:19 2021
10,0,thefate (草民遵旨),[寶寶] 媽媽得腸病毒,Mon Nov 22 17:01:40 2021
19,0,dorabc45789 (阿豬),複檢脊髓性萎縮症又沒過,Tue Nov 23 12:50:03 2021
5,0,skyalan001 (alan),[寶寶] 有關奶粉問題,Tue Nov 23 19:16:51 2021
8,0,wangyyll (pohj),[寶寶] 母奶寶寶1歲後適合的配方奶推薦,Tue Nov 23 15:05:26 2021
6,0,momopink0424 (阿巧),[寶寶] 皮膚一粒粒的,Tue Nov 23 14:12:37 2021
3,0,Naomi00 (Naomi),[寶寶] 腿庫寶寶的褲型尿布挑選,Tue Nov 23 14:24:59 2021
1,0,musimed (謬及魅德),[寶寶] 請問ABC design Samba推車大小,Tue Nov 23 19:42:14 2021
23,0,westwood079 (westwood079),[寶寶] 請問這是異味性皮膚炎嗎（附圖）,Mon Nov 22 19:05:31 2021
23,0,chihhsing (),[寶寶] 適合14公斤的睡覺穿尿布,Tue Nov 23 13:18:31 2021
5,0,anatalegolas (瑪莉珍),[心得] Avent Hegen 手動電動擠乳器比較,Tue Nov 23 14:05:45 2021
6,0,queenlife (dessert&sugar),[懷孕] 中後期特定食物孕吐,Tue Nov 23 10:12:41 2021
10,0,colortj (colortj),[懷孕] 弓漿蟲預防,Mon Nov 22 21:26:00 2021
2,0,jenny810723 (曾文),[懷孕] 施打德國麻疹後懷孕,Mon Nov 22 23:50:50 2021
71,2,hiz2903 (cc),[新聞] 台灣海關太嚴了！美國藥妝平台iHerb　暫,Tue Nov 23 13:27:52 2021
14,0,xy2919616 (草莓兒),[母乳] 詢問看哺乳門診的時機,Tue Nov 23 16:36:01 2021
